Winery,Wine name,Vintage,Region,Country,Regional wine style,Average rating,Scan date,Scan Location,Your rating,Your price,Your review,Personal note,Wine type,Drinking window,Food pairing,Link to wine,Label image,Bottles in cellar
Domaine Laroche,Vieilles Vignes Chablis Premier Cru 'Les Fourchaumes',2017,Chablis Premier Cru,France,Burgundy Chablis,4.2,2019-07-11 13:01,"",Not given,Unknown,"","",White Wine,"","Pork, Rich fish (salmon, tuna etc), Shellfish, Mild and soft cheese",https://www.vivino.com/wines/157372599,https://images.vivino.com/labels/q1ua9BI5RtiPdz_HofPsQA.jpg,1
Château Thivin,Côte de Brouilly Les Griottes de Brulhié,2017,Côte de Brouilly,France,Beaujolais Red,3.9,2019-07-11 13:01,"",Not given,Unknown,"","",Red Wine,"","Pasta, Veal, Pork, Poultry",https://www.vivino.com/wines/155016997,https://images.vivino.com/labels/mACe1jkjQ8K3wVcdHxZbRQ.jpg,1
Domaine de la Viguerie,Rivesaltes,1979,Rivesaltes,France,Languedoc-Roussillon Red,4.6,2019-07-11 07:07,"",Not given,Unknown,"","",Red Wine,"","Beef, Pasta, Veal",https://www.vivino.com/wines/158790659,https://images.vivino.com/labels/-Ga5pW1iS1OCvT8OvSSefA.jpg,3
Villa Wolf,Pinot Noir Rosé,2018,Pfalz,Germany,,4.1,2019-07-10 14:02,"",Not given,Unknown,"","",Rosé Wine,"","Veal, Pork, Game (deer, venison), Rich fish (salmon, tuna etc), Poultry",https://www.vivino.com/wines/156226672,https://images.vivino.com/labels/pgl0GLl9QqmbmL4bL7K62Q.jpg,2
Soalheiro,Primeiras Vinhas Alvarinho,2018,Monção e Melgaço,Portugal,Portuguese Vinho Verde White,4.2,2019-07-08 22:10,"",Not given,Unknown,"","",White Wine,"","Shellfish, Vegetarian, Appetizers and snacks",https://www.vivino.com/wines/159257650,https://images.vivino.com/labels/ERZw1qULQFKAzdPmf1fq7A.jpg,2
Weinert,Carrascal,2013,Mendoza,Argentina,Argentinian Bordeaux Blend,3.8,2019-07-03 20:08,"",4.0,Unknown,"Has aged quite well. Still deep purple, slightly transparent at the edges.

Slightly spicy nose with hints of pepper and jam. 

Smooth tannins and well balanced. Nice acidity.

Good QPR with around 150 NOK at VMP when I bought it a few years back.

85p","",Red Wine,"","Beef, Pasta, Lamb, Poultry",https://www.vivino.com/wines/2461990,"",1
Andre Clouet,The V6 Experience Brut Champagne Grand Cru 'Bouzy',N.V.,Champagne Grand Cru 'Bouzy',France,French Champagne,4.2,2019-06-29 16:04,"",Not given,Unknown,"","",Sparkling,"","Pork, Rich fish (salmon, tuna etc), Shellfish, Mild and soft cheese",https://www.vivino.com/wines/156291467,https://images.vivino.com/labels/689eKF50R-W7Mgr82A4bBw.jpg,3
Luigi Righetti,Capitel de Roari Amarone della Valpolicella Classico,2014,Amarone della Valpolicella Classico,Italy,Italian Amarone,4.1,2019-06-28 18:06,"",Not given,Unknown,"","",Red Wine,"","Beef, Lamb, Game (deer, venison), Blue cheese",https://www.vivino.com/wines/4184496,https://images.vivino.com/labels/BL2PqyacRNC8UrVDRWKayw.jpg,1
Andre Clouet,Un Jour de 1911 Brut Champagne Grand Cru 'Bouzy',1911,Champagne Grand Cru 'Bouzy',France,French Champagne,4.4,2019-06-24 21:09,"",Not given,Unknown,"","",Sparkling,"","Pork, Rich fish (salmon, tuna etc), Shellfish, Mild and soft cheese",https://www.vivino.com/wines/4708945,"",1
Dr. Bürklin-Wolf,Riesling Spätlese Wachenheimer Gerümpel,1978,Pfalz,Germany,German Riesling,4.5,2019-06-23 18:06,"",4.5,Unknown,"Bought on auction. Weak vintage, so expected it to be waay over the top.

Had an amazing time with this one. At first it gave honey and apricots on the nose. Wax and resin. Still lively on the palate. Acid and residual sugars elegantly integrated. Palate gives red fruit and ripe pineapple.

Gradually turns to a slighly spicy palate with floral notes. Oregano? Elderberries?

Good concentration, med- length. Was very pleasantly surprised!

90p","",White Wine,"","Pork, Shellfish, Spicy food, Poultry, Cured Meat",https://www.vivino.com/wines/160925460,https://images.vivino.com/labels/CZzCWgrVTEW1CFDskxZKOQ.jpg,1
Jean François Ganevat,Le Sa Vient d'Où,,Vin de France,France,Jura White,4.4,2019-06-22 09:09,"",Not given,Unknown,"","",White Wine,"","Poultry, Mushrooms, Mild and soft cheese",https://www.vivino.com/wines/160569380,https://images.vivino.com/labels/I2Ks89-ATdCNLJEeqiVmgA.jpg,1
Marchesi Alfieri,La Tota Barbera d'Asti,2015,Barbera d'Asti,Italy,Italian Barbera,3.9,2019-06-15 20:08,"",Not given,Unknown,"","",Red Wine,"","Pasta, Veal, Pork, Game (deer, venison), Poultry",https://www.vivino.com/wines/35083407,https://images.vivino.com/labels/tNXJzcVzTgKL3eBxq5i84w.jpg,1
Château Musar,Rouge (Gaston Hochar),2011,Bekaa Valley,Lebanon,,4.1,2019-06-15 20:08,"",Not given,Unknown,"","",Red Wine,"","Beef, Lamb, Spicy food, Mature and hard cheese, Poultry",https://www.vivino.com/wines/1247880,https://images.vivino.com/labels/Ow1Hy5noT6iT4cher0TLxQ.jpg,3
Planeta,Chardonnay Sicilia,2017,Menfi,Italy,Southern Italy White,4.2,2019-06-15 19:07,"",Not given,Unknown,"","",White Wine,"","Shellfish, Vegetarian, Appetizers and snacks",https://www.vivino.com/wines/150278356,https://images.vivino.com/labels/NskRO1X4SAmxRtHbEuaZeQ.jpg,1
Schloss Lieser,Piesporter Goldtropfchen Riesling Kabinett,2017,Piesport,Germany,German Riesling,3.9,2019-06-15 19:07,"",Not given,Unknown,"","",White Wine,"","Pork, Shellfish, Spicy food, Poultry, Cured Meat",https://www.vivino.com/wines/157312401,https://images.vivino.com/labels/shLyTHP8Tfq0pf1_RBgvug.jpg,2
Trimbach,Clos Sainte Hune Riesling Alsace,2013,Alsace,France,Alsace Riesling,4.6,2019-06-15 19:07,"",Not given,Unknown,"","",White Wine,"","Pork, Rich fish (salmon, tuna etc), Spicy food, Vegetarian, Cured Meat",https://www.vivino.com/wines/8536662,https://images.vivino.com/labels/3GOwzp2fTIq2AJ_H6rEeYA.jpg,1
Comm. G.B. Burlotto,Barolo,2015,Barolo,Italy,Italian Barolo,4.2,2019-06-10 20:08,"",Not given,Unknown,"","",Red Wine,"","Beef, Pasta, Lamb, Game (deer, venison)",https://www.vivino.com/wines/20189168,https://images.vivino.com/labels/JVwObJomTBiHoKCr7ykI5Q.jpg,2
Griesel & Compagnie,Chardonnay Brut Nature,2013,Hessische Bergstrasse,Germany,,4.0,2019-06-10 20:08,"",Not given,Unknown,"","",Sparkling,"","Pork, Rich fish (salmon, tuna etc), Vegetarian, Poultry",https://www.vivino.com/wines/157975374,https://images.vivino.com/labels/OLV9G9b4Queia59giYpcpw.jpg,1
Bodega Garzón,Reserva Tannat,2016,Maldonado,Uruguay,Uruguay Tannat,4.0,2019-06-05 15:03,"",Not given,Unknown,"","",Red Wine,"","Beef, Lamb, Game (deer, venison)",https://www.vivino.com/wines/104422323,https://images.vivino.com/labels/3oTXe8mZSH-f4fIN_sp6tQ.jpg,1
Domaine du Pelican,Trois Cepages Arbois,2015,Arbois,France,,3.9,2019-06-05 15:03,"",Not given,Unknown,"","",Red Wine,"","Veal, Pork, Game (deer, venison), Rich fish (salmon, tuna etc), Poultry",https://www.vivino.com/wines/28970606,https://images.vivino.com/labels/f7bSxJ5hTXmxbAmC6ZYljg.jpg,1
Domaine Mathieu & Camille Lapierre,Château Cambon Beaujolais,2018,Beaujolais,France,Beaujolais Red,3.8,2019-06-04 16:04,"",Not given,Unknown,"","",Red Wine,"","Pasta, Veal, Pork, Poultry",https://www.vivino.com/wines/156656686,https://images.vivino.com/labels/vDRcO2mPSxuDGUN7slnmIA.jpg,1
Gaia,Assyrtiko by Gaia Wild Ferment,2018,Santorini,Greece,Santorini White,3.9,2019-05-22 20:08,"",Not given,Unknown,"","",White Wine,"","Shellfish, Lean fish",https://www.vivino.com/wines/156189868,"",1
Dog Point,Section 94 Sauvignon Blanc,2016,Marlborough,New Zealand,New Zealand Sauvignon Blanc,3.9,2019-05-10 20:08,"",Not given,Unknown,"","",White Wine,"","Shellfish, Vegetarian, Goat cheese",https://www.vivino.com/wines/114053762,https://images.vivino.com/labels/2Yk247DAS6GlbA-8w2FGbg.jpg,1
Lustau,Palo Cortado de Jerez Almacenista 'Cayetano del Pino y Cía' Sherry,N.V.,Jerez-Xérès-Sherry,Spain,Spanish Sherry,4.0,2019-05-10 20:08,"",Not given,Unknown,"","",Fortified Wine,"","Sweet desserts, Mature and hard cheese, Appetizers and snacks, Aperitif, Cured Meat",https://www.vivino.com/wines/157548281,https://images.vivino.com/labels/XLyVvpXmTSWKTAaBvqdUbQ.jpg,1
Lustau,Manzanilla Pasada de Sanlúcar Almacenista Manuel Cuevas Jurado,N.V.,Manzanilla,Spain,Spanish Sherry,3.7,2019-05-10 20:08,"",Not given,Unknown,"","",Fortified Wine,"","Sweet desserts, Mature and hard cheese, Appetizers and snacks, Aperitif, Cured Meat",https://www.vivino.com/wines/2834273,https://images.vivino.com/labels/FoYzUiyhREWEQJQcT-n4Zg.jpg,1
Lustau,Almacenista Amontillado del Castillo,N.V.,Amontillado Sherry,Spain,Spanish Sherry,4.1,2019-05-10 20:08,"",Not given,Unknown,"","",Fortified Wine,"","Sweet desserts, Mature and hard cheese, Appetizers and snacks, Aperitif, Cured Meat",https://www.vivino.com/wines/158586293,https://images.vivino.com/labels/jRce7IkwS8yNkPbS0gmy8w.jpg,1
Michel Juillot,Mercurey Premier Cru 'Clos Tonnerre',2016,Mercurey Premier Cru,France,Burgundy Côte Chalonnaise Red,4.2,2019-05-10 20:08,"",Not given,Unknown,"","",Red Wine,"","Beef, Veal, Game (deer, venison), Poultry",https://www.vivino.com/wines/144894485,https://images.vivino.com/labels/8ovCZUBCTtCx5B8C7qqFXw.jpg,1
Duemani,Suisassi Syrah,2013,Costa Toscana,Italy,Tuscan Red,4.2,2019-05-10 20:08,"",Not given,Unknown,"","",Red Wine,"","Beef, Lamb, Veal, Poultry, Cured Meat",https://www.vivino.com/wines/8383321,https://images.vivino.com/labels/aiC4AeDWQ0y2gvs6F56LGA.jpg,2
Duemani,Duemani Cabernet Franc,2012,Costa Toscana,Italy,Tuscan Red,4.3,2019-05-10 20:08,"",Not given,Unknown,"","",Red Wine,"","Beef, Lamb, Veal, Poultry, Cured Meat",https://www.vivino.com/wines/4435834,https://images.vivino.com/labels/gnJTThW5R8OaedJx0XJS9Q.jpg,2
Marqués de Murrieta,Castillo Ygay Gran Reserva Especial Cosecha Tinto,2009,Rioja,Spain,Spanish Rioja Red,4.3,2019-05-10 20:08,"",Not given,Unknown,"","",Red Wine,"","Beef, Lamb, Veal, Poultry",https://www.vivino.com/wines/1350735,https://images.vivino.com/labels/avnuXotST7SwTl4x5CQcFw.jpg,1
Ziereisen,Schulen,2016,Baden,Germany,German Spätburgunder,3.8,2019-05-10 20:08,"",Not given,Unknown,"","",Red Wine,"","Beef, Veal, Game (deer, venison), Poultry",https://www.vivino.com/wines/160261980,https://images.vivino.com/labels/Tl9Tj_cOSmGhtm9KPYC11w.jpg,1
Weinbau Cottinelli,Halde Chur Reserve Pinot Noir,2016,Graubünden,Switzerland,Swiss Pinot Noir,4.3,2019-05-10 20:08,"",Not given,Unknown,"","",Red Wine,"","Beef, Veal, Game (deer, venison), Poultry",https://www.vivino.com/wines/156504071,https://images.vivino.com/labels/UP7JMo6_SaiUx_w2asoLBg.jpg,1
Weingut Arndt Köbelin,Spätburgunder Lösswand,2016,Rheinhessen,Germany,German Spätburgunder,4.2,2019-05-10 19:07,"",Not given,Unknown,"","",Red Wine,"","Beef, Veal, Game (deer, venison), Poultry",https://www.vivino.com/wines/153410086,https://images.vivino.com/labels/mKgQQgE3Rnm313EOkEAkzQ.jpg,1
Gut Von Beiden,Scheinwerfer Qualität Verbindet,2015,,,,4.0,2019-05-10 19:07,"",Not given,Unknown,"","",Unknown,"","",https://www.vivino.com/wines/151154790,https://images.vivino.com/labels/yLW33DVIQ2mkyagPW_8Zpg.jpg,1
Domaine Zind Humbrecht,Riesling Alsace Grand Cru  Brand,2004,Alsace Grand Cru,France,Alsace Riesling,4.5,2019-05-10 19:07,"",Not given,Unknown,"","",White Wine,"","Pork, Rich fish (salmon, tuna etc), Spicy food, Vegetarian, Cured Meat",https://www.vivino.com/wines/1776649,https://images.vivino.com/labels/yusfnchdShGar1qO-mCKZA.jpg,2
Bodegas Ximénez-Spínola,Finest Old Harvest Medium,1964,Jerez-Xérès-Sherry,Spain,Spanish Sherry,4.2,2019-05-09 19:07,"",Not given,Unknown,"","",Fortified Wine,"","Sweet desserts, Mature and hard cheese, Appetizers and snacks, Aperitif, Cured Meat",https://www.vivino.com/wines/150624649,https://images.vivino.com/labels/XqhkCOVIRxiSoXX_fonCvQ.jpg,2
Von Winning,Deidesheimer Kalkofen GG,2016,Pfalz,Germany,German Riesling,4.1,2019-05-09 19:07,"",Not given,Unknown,"","",White Wine,"","Pork, Shellfish, Spicy food, Poultry, Cured Meat",https://www.vivino.com/wines/150487426,https://images.vivino.com/labels/4_Yb3_jcQK-YxJ6zQ3qeYQ.jpg,2
Faiveley,Mercurey La Framboisière,2017,Mercurey,France,Burgundy Côte Chalonnaise Red,4.0,2019-05-09 18:06,"",Not given,Unknown,"","",Red Wine,"","Beef, Veal, Game (deer, venison), Poultry",https://www.vivino.com/wines/152250176,https://images.vivino.com/labels/M4CcLEZ8R_-9Iy8rjjRi0Q.jpg,2
Prunotto,Barolo,2012,Barolo,Italy,Italian Barolo,3.9,2019-05-09 18:06,"",Not given,Unknown,"","",Red Wine,"","Beef, Pasta, Lamb, Game (deer, venison)",https://www.vivino.com/wines/2346038,https://images.vivino.com/labels/HFIbYqZxSpCKeT-aH-senA.jpg,1
CastelGiocondo,Brunello di Montalcino,2013,Brunello di Montalcino,Italy,Italian Brunello,4.2,2019-05-09 18:06,"",Not given,Unknown,"","",Red Wine,"","Beef, Lamb, Game (deer, venison), Poultry",https://www.vivino.com/wines/1911164,https://images.vivino.com/labels/1KU3cIl-Rsqf47RKvWM9jg.jpg,2
La Rioja Alta,Rioja Gran Reserva 904,2009,Rioja,Spain,Spanish Rioja Red,4.4,2019-05-09 17:05,"",Not given,Unknown,"","",Red Wine,"","Beef, Lamb, Veal, Poultry",https://www.vivino.com/wines/2085494,https://images.vivino.com/labels/GJg1y8LHQ6aCbLtHdFkBCw.jpg,1
Clos des Brusquieres,Châteauneuf-du-Pape,2016,Châteauneuf-du-Pape,France,Southern Rhône Châteauneuf-du-Pape Red,4.2,2019-05-02 19:07,"",Not given,Unknown,"","",Red Wine,"","Lamb, Pork, Poultry",https://www.vivino.com/wines/142485449,https://images.vivino.com/labels/iLz7WbsnQSa-TjQdivIHWQ.jpg,2
Domaine Zind Humbrecht,Riesling Alsace Grand Cru  Brand,2017,Alsace Grand Cru,France,Alsace Riesling,4.3,2019-05-02 19:07,"",Not given,Unknown,"","",White Wine,"","Pork, Rich fish (salmon, tuna etc), Spicy food, Vegetarian, Cured Meat",https://www.vivino.com/wines/153172124,https://images.vivino.com/labels/qD5s88gDRO645FnF2bnQWQ.jpg,6
Von Winning,Deidesheimer Kalkofen GG,2015,Pfalz,Germany,German Riesling,4.2,2019-04-20 18:06,"",Not given,Unknown,"","",White Wine,"","Pork, Shellfish, Spicy food, Poultry, Cured Meat",https://www.vivino.com/wines/94640635,"",2
Château Musar,Rouge (Gaston Hochar),2006,Bekaa Valley,Lebanon,,4.3,2019-04-06 22:10,"",4.5,Unknown,"Magnum til lammesteik. 

Mørk mursteinsrød, litt lys i kantene.

Fortsatt mye frukt med kirsebær, bjørnebær og plomme. Og så kommer sekundæraromaene med sigarboks og lær. Stram og god i munnen, med masse smak og fin lengde.

Balanserer seg veldig god etter ca en times lufting, men har en veldig gøy syre rett fra flaska.

Luftet halvparten i dekanter, artig å smake den luftede mot den fra flaska, enorm forskjell!

91p","",Red Wine,"","Beef, Lamb, Spicy food, Mature and hard cheese, Poultry",https://www.vivino.com/wines/1449590,https://images.vivino.com/labels/InOfmPiDRwSGOHv6iV40bw.jpg,5
Weiser-Künstler,Enkircher Ellergrub Riesling Auslese,2017,Mosel,Germany,German Riesling,4.2,2019-04-06 11:11,"",Not given,Unknown,"","",Dessert Wine,"","Pork, Shellfish, Spicy food, Poultry, Cured Meat",https://www.vivino.com/wines/157512879,https://images.vivino.com/labels/sBhN9pOgSr61iwoe5ZrU1g.jpg,1
Bonny Doon,Le Pousseur Syrah,2012,Central Coast,United States,Californian Syrah,3.7,2019-04-06 11:11,"",Not given,Unknown,"","",Red Wine,"","Beef, Lamb, Game (deer, venison), Poultry",https://www.vivino.com/wines/4599265,https://images.vivino.com/labels/BDxHf2pHRXS4-OeQSrSKpQ.jpg,1
Sandhi,Sta. Rita Hills Chardonnay,2016,Sta. Rita Hills,United States,Californian Chardonnay,4.3,2019-04-06 11:11,"",Not given,Unknown,"","",White Wine,"","Pork, Rich fish (salmon, tuna etc), Vegetarian, Poultry",https://www.vivino.com/wines/156913891,https://images.vivino.com/labels/XcVtzPIqQHCS6J2u82F_1g.jpg,1
Schloss Lieser,Himmelreich Riesling GG,2017,Mosel,Germany,German Riesling,4.1,2019-04-06 10:10,"",Not given,Unknown,"","",White Wine,"","Pork, Shellfish, Spicy food, Poultry, Cured Meat",https://www.vivino.com/wines/158099580,https://images.vivino.com/labels/lmQwxig1QVK2dKlzIPZHGg.jpg,2
Georg Mosbacher,Jesuitengarten GG,2017,Pfalz,Germany,German Riesling,4.3,2019-04-06 10:10,"",Not given,Unknown,"","",White Wine,"","Pork, Shellfish, Spicy food, Poultry, Cured Meat",https://www.vivino.com/wines/157186548,https://images.vivino.com/labels/DHJAByS-Q4urrUwXcdWk-g.jpg,1
Dönnhoff,Dellchen Riesling GG,2017,Nahe,Germany,German Riesling,4.3,2019-04-06 10:10,"",Not given,Unknown,"","",White Wine,"","Pork, Shellfish, Spicy food, Poultry, Cured Meat",https://www.vivino.com/wines/156760773,https://images.vivino.com/labels/NWWxk5o8TvyYJ3fv8xfwPg.jpg,2
Georg Mosbacher,Ungeheuer GG,2017,Pfalz,Germany,German Riesling,4.4,2019-04-06 10:10,"",Not given,Unknown,"","",White Wine,"","Pork, Shellfish, Spicy food, Poultry, Cured Meat",https://www.vivino.com/wines/157515833,https://images.vivino.com/labels/jGeeEbZoR_y1MCdQQ3XmPQ.jpg,2
Georg Mosbacher,Pechstein GG,2017,Pfalz,Germany,German Riesling,4.3,2019-04-06 10:10,"",Not given,Unknown,"","",White Wine,"","Pork, Shellfish, Spicy food, Poultry, Cured Meat",https://www.vivino.com/wines/152422672,https://images.vivino.com/labels/NyQR_HhIQGylW33C_mBXOA.jpg,1
Domaine Borgeot,Santenay 1er Cru 'Clos des Beauregards',2014,Santenay 1er Cru 'Beauregard',France,Burgundy Côte de Beaune White,4.0,2019-03-29 18:06,"",Not given,Unknown,"","",White Wine,"","Pasta, Rich fish (salmon, tuna etc), Shellfish, Mild and soft cheese, Cured Meat",https://www.vivino.com/wines/157800179,https://images.vivino.com/labels/Qkm379HPSAuBm4OGEQSY5A.jpg,1
Tenuta San Guido,Sassicaia,2015,Bolgheri Sassicaia,Italy,Italian Bolgheri,4.6,2019-03-06 16:04,"",Not given,Unknown,"","",Red Wine,"","Beef, Pasta, Lamb, Veal, Game (deer, venison)",https://www.vivino.com/wines/14154429,"",1
Tarlant,Zero Brut Nature Champagne,N.V.,Champagne,France,French Champagne,3.9,2019-03-04 19:07,"",Not given,Unknown,"","",Sparkling,"","Pork, Rich fish (salmon, tuna etc), Shellfish, Mild and soft cheese",https://www.vivino.com/wines/2191765,https://images.vivino.com/labels/Pgdx3zNaSIKcTjpUPchAnw.jpg,1
Château Montrose,Saint-Estèphe (Grand Cru Classé),2015,Saint-Estèphe,France,Bordeaux Saint-Estèphe,4.3,2019-03-01 17:05,"",Not given,Unknown,"","",Red Wine,"","Beef, Lamb, Game (deer, venison), Poultry",https://www.vivino.com/wines/19547944,https://images.vivino.com/labels/Uq6BpNaMTLiU6BRTEL8nPQ.jpg,1
W. & J. Graham's,Quinta dos Malvedos Vintage Port,2005,Single Quinta Vintage Port (SQVP),Portugal,Portuguese Port,4.1,2019-02-14 16:04,"",Not given,Unknown,"","",Fortified Wine,"","Beef, Sweet desserts, Blue cheese",https://www.vivino.com/wines/16704227,https://images.vivino.com/labels/dhmSwQaNSBuAE997E-tx-g.jpg,1
Occhipinti,Il Frappato Sicilia,2016,Terre Siciliane,Italy,Southern Italy Red,4.1,2019-02-14 16:04,"",4.0,Unknown,"Veldig fruktig. Røde bær med litt krydder. Lette tanniner. God konsentrasjon.

90p","",Red Wine,"","Beef, Pasta, Lamb",https://www.vivino.com/wines/89961366,https://images.vivino.com/labels/E9h874zIQdSLVz3d4mvy8g.jpg,1
Bodegas Ximénez-Spínola,Original Exceptional Harvest,2015,Jerez-Xérès-Sherry,Spain,Spanish Sherry,4.1,2019-02-01 17:05,"",Not given,Unknown,"","",Fortified Wine,"","Sweet desserts, Mature and hard cheese, Appetizers and snacks, Aperitif, Cured Meat",https://www.vivino.com/wines/17742798,https://images.vivino.com/labels/IXIH2w6oSaaNY3Y6SrGQSg.jpg,1
Dom Pérignon,Brut Champagne,2008,Champagne,France,French Champagne,4.5,2019-01-21 21:09,"",Not given,Unknown,"","",Sparkling,"","Pork, Rich fish (salmon, tuna etc), Shellfish, Mild and soft cheese",https://www.vivino.com/wines/3439818,https://images.vivino.com/labels/ZK-8WKFoTv2r5-dYU9J7sQ.jpg,2
Antonio Bernardino Paulo da Silva,Colares Chitas Tinto,1999,Colares,Portugal,Southern Portugal Red,3.7,2019-01-18 22:10,"",Not given,Unknown,"","",Red Wine,"","Beef, Pasta, Veal, Poultry",https://www.vivino.com/wines/15752053,https://images.vivino.com/labels/5_vyM_nmT8qmUqHGyEqz_Q.jpg,1
Domaine de la Janasse,Châteauneuf-du-Pape Vieilles Vignes,2016,Châteauneuf-du-Pape,France,Southern Rhône Châteauneuf-du-Pape Red,4.1,2019-01-18 22:10,"",Not given,Unknown,"","",Red Wine,"","Lamb, Pork, Poultry",https://www.vivino.com/wines/146752583,https://images.vivino.com/labels/_377E1ZdRv2sb4HyZXaXvg.jpg,2
Hirsch Vineyards,San Andreas Fault Pinot Noir,2016,Sonoma Coast,United States,Californian Pinot Noir,4.2,2019-01-12 14:02,"",Not given,Unknown,"","",Red Wine,"","Beef, Veal, Game (deer, venison), Poultry",https://www.vivino.com/wines/135347308,https://images.vivino.com/labels/J-uFfbzYQou9mKrD9PFEtw.jpg,2
Diebolt - Vallois,Fleur de Passion Brut Champagne Grand Cru 'Cramant',2008,Champagne Grand Cru 'Cramant',France,French Champagne,4.3,2018-12-31 16:04,"",Not given,Unknown,"","",Sparkling,"","Pork, Rich fish (salmon, tuna etc), Shellfish, Mild and soft cheese",https://www.vivino.com/wines/1299991,https://images.vivino.com/labels/croZHVFmTgefgmeoFfiLDQ.jpg,3
Riveyrac,Rivesaltes (Vin Doux Naturel),1975,Rivesaltes,France,,4.4,2018-12-31 16:04,"",Not given,Unknown,"","",Fortified Wine,"","Beef, Lamb, Spicy food, Mature and hard cheese",https://www.vivino.com/wines/24767741,https://images.vivino.com/labels/xLg5W5kTQIG2goONWWvf4Q.jpg,1
Clos des Brusquieres,Châteauneuf-du-Pape,2015,Châteauneuf-du-Pape,France,Southern Rhône Châteauneuf-du-Pape Red,4.2,2018-12-31 16:04,"",Not given,Unknown,"","",Red Wine,"","Lamb, Pork, Poultry",https://www.vivino.com/wines/14507083,https://images.vivino.com/labels/pbeGHog9TzqSVsIU25UV8A.jpg,2
Produttori del Barbaresco,Nebbiolo Langhe,2017,Langhe,Italy,Italian Nebbiolo,3.7,2018-12-31 15:03,"",Not given,Unknown,"","",Red Wine,"","Beef, Lamb, Game (deer, venison), Poultry",https://www.vivino.com/wines/150428410,https://images.vivino.com/labels/kirzuTBiT9SKA_wZpBPupA.jpg,1
Meritxell Pallejà,Nita Priorat,2016,Priorat,Spain,Spanish Priorat Red,3.7,2018-12-31 15:03,"",Not given,Unknown,"","",Red Wine,"","Beef, Lamb, Game (deer, venison), Poultry",https://www.vivino.com/wines/87626656,"",1
Kopke,Colheita Port,1985,Colheita Port,Portugal,Portuguese Port,4.1,2018-12-24 16:04,"",Not given,Unknown,"","",Fortified Wine,"","Beef, Sweet desserts, Blue cheese",https://www.vivino.com/wines/3051170,https://images.vivino.com/labels/slHUKJ35T6y6eFJlGljhug.jpg,1
Tyler,Pinot Noir,2016,Sta. Rita Hills,United States,Californian Pinot Noir,4.0,2018-12-09 17:05,"",4.0,Unknown,"Fin Pinot Noir fra California. Trengte overraskende nok litt luft for å skinne. Drukket til pasta med med steinsopp og parmesan.

Synes overraskende at den var bedre etter 2 dager i kjøleskap med kork. 

Fruktig med bra syre. Bringebær, jordbær. Krydret utgang etter syren - nesten sterk.

Fin årgang, men ikke den beste QPRen. ","",Red Wine,"","Beef, Veal, Game (deer, venison), Poultry",https://www.vivino.com/wines/146341249,https://images.vivino.com/labels/y1tcIsnoSGmwgUlM03caag.jpg,1
Col d'Orcia,Brunello di Montalcino,2013,Brunello di Montalcino,Italy,Italian Brunello,4.1,2018-12-09 17:05,"",Not given,Unknown,"","",Red Wine,"","Beef, Lamb, Game (deer, venison), Poultry",https://www.vivino.com/wines/2346157,https://images.vivino.com/labels/LVvJAlQkTha9DhoDLx9VPw.jpg,1
Quinta do Noval,Silval Vintage Port,2001,Vintage Port,Portugal,Portuguese Port,4.1,2018-11-21 17:05,"",Not given,Unknown,"","",Fortified Wine,"","Beef, Sweet desserts, Blue cheese",https://www.vivino.com/wines/13751865,https://images.vivino.com/labels/v0OOQweiRrmLNGg4zeXksA.jpg,1
Quinta do Noval,20 Year Old Tawny Port,,Aged Tawny Port,Portugal,Portuguese Port,4.2,2018-11-21 17:05,"",Not given,Unknown,"","",Fortified Wine,"","Beef, Sweet desserts, Blue cheese",https://www.vivino.com/wines/1466866,"",1
Sandhi,Santa Barbara County Chardonnay,2015,Santa Barbara County,United States,Californian Chardonnay,4.1,2018-11-10 16:04,"",Not given,Unknown,"","",White Wine,"","Pork, Rich fish (salmon, tuna etc), Vegetarian, Poultry",https://www.vivino.com/wines/96450569,https://images.vivino.com/labels/x4BRVixqREmiPBmVAWKhQg.jpg,1
Keller,Riesling Hubacker GG,2017,Rheinhessen,Germany,German Riesling,4.3,2018-11-10 09:09,"",Not given,Unknown,"","",White Wine,"","Pork, Shellfish, Spicy food, Poultry, Cured Meat",https://www.vivino.com/wines/152671898,https://images.vivino.com/labels/tGuntBOFSbC24na3IU7OMQ.jpg,2
Brovia,Rocche di Castiglione Barolo,2013,Barolo,Italy,Italian Barolo,4.2,2018-11-10 09:09,"",Not given,Unknown,"","",Red Wine,"","Beef, Pasta, Lamb, Game (deer, venison)",https://www.vivino.com/wines/2941289,https://images.vivino.com/labels/lAQsTKE4Q9e8mALbbUtSxQ.jpg,2
Château Kefraya,Red,2012,Bekaa Valley,Lebanon,,3.9,2018-11-03 22:10,"",3.5,Unknown,"Fruktig nese med røde bær. Tydelig tanninstruktur, tobakk, lær, eik på kroppen.

Ganske god, men lite mind blown.

84p","",Red Wine,"","Beef, Lamb, Spicy food, Mature and hard cheese, Poultry",https://www.vivino.com/wines/3394440,https://images.vivino.com/labels/RVaI_DPsRiypGtyRdrZdoA.jpg,2
Bodegas Roda,Roda Reserva Rioja,2012,Rioja,Spain,Spanish Rioja Red,4.2,2018-11-03 08:08,"",Not given,Unknown,"","",Red Wine,"","Beef, Lamb, Veal, Poultry",https://www.vivino.com/wines/1431923,https://images.vivino.com/labels/K070eWLhT3ifghLsHJzaGQ.jpg,1
Château Musar,Rouge (Gaston Hochar),2009,Bekaa Valley,Lebanon,,4.2,2018-10-21 07:07,"",4.0,Unknown,"Magnum til pasta med kraftig tomatsaus med lungemos.

Veldig god. Mørke frukter, lær. Fortsatt tydelig tanninsstruktur.

Kunne lagret lenger, men fungerte bra. Fikk to timer luft.

90p","",Red Wine,"","Beef, Lamb, Spicy food, Mature and hard cheese, Poultry",https://www.vivino.com/wines/1423439,https://images.vivino.com/labels/wRlUfIWYSv2PbNNUxaeoNw.jpg,2
Borgogno,Langhe Rosso Pinin,2015,Langhe,Italy,Northern Italy Red,4.0,2018-10-20 17:05,"",4.0,Unknown,"Drukket til hvit pizza og mozarellasalat. Tålte pizzaen veldig godt!

Starter stramt med lite primærfrukt og mye tanniner med skinn og lær. Åpner seg veldig fint i løpet av et par timer, og byr på mørke frukter og steinfrukt. Plomme, mørke kirsebær, krydder (usikker på hva… litt pepper?). Fortsatt tight tanninstruktur, men balanserer mye bedre etter luftingen. Går fortsatt over i skinn og lær, men det fremstår som mye mer intregrert.

Litt alkoholstikk i nesa, men ikke plagsomt.

Godt kjøp, 88p","",Red Wine,"","Beef, Pasta, Lamb, Game (deer, venison)",https://www.vivino.com/wines/154415898,https://images.vivino.com/labels/Qw398Cv6TCqeZpmmSpilIg.jpg,3
Casa Ferreirinha,Vinha Grande Douro,2015,Douro,Portugal,Portuguese Douro Red,3.9,2018-10-14 14:02,"",Not given,Unknown,"","",Red Wine,"","Beef, Pasta, Lamb, Game (deer, venison)",https://www.vivino.com/wines/23114341,https://images.vivino.com/labels/YOWParJ1SIiDMrLRzBbvug.jpg,1
Chavy-Chouet,Les Femelottes Bourgogne Blanc,2016,Bourgogne,France,Burgundy White,3.8,2018-10-05 16:04,"",Not given,Unknown,"","",White Wine,"","Pasta, Rich fish (salmon, tuna etc), Shellfish, Mild and soft cheese, Cured Meat",https://www.vivino.com/wines/153406811,https://images.vivino.com/labels/ph844jXoSoahB7V5SNJR0w.jpg,2
La Ca' Növa,Montestefano Barbaresco,2015,Barbaresco,Italy,Italian Barbaresco,4.0,2018-09-22 06:06,"",Not given,Unknown,"","",Red Wine,"","Beef, Pasta, Lamb, Game (deer, venison)",https://www.vivino.com/wines/23487055,https://images.vivino.com/labels/ATw82vfqTRC5Ae3Yy7Q6zw.jpg,3
Faiveley,Mercurey 1er Cru Clos des Myglands,2016,Mercurey,France,Burgundy Côte Chalonnaise Red,4.1,2018-09-22 06:06,"",4.5,Unknown,"Veldig bra QPR for en Burgund!

Nese med røde bær. Bringebær fremtredende. En del bjørnebær.

Fruktig og ren kropp. Bringebær, bjørnebær. En del tanniner rett fra flaska, men jevnet seg ut fort. Optimal på en snau time luft.

Drukket til risotto med sopp og parmesan. Funka fjell!

90p","",Red Wine,"","Beef, Veal, Game (deer, venison), Poultry",https://www.vivino.com/wines/146440779,https://images.vivino.com/labels/7C2hQAWIRlix-3RwbqZb-A.jpg,2
Markus Molitor,Zeltinger Sonnenuhr Riesling Auslese ** White Capsule Trocken,2016,Mosel,Germany,German Riesling,3.9,2018-09-15 13:01,"",Not given,Unknown,"","",White Wine,"","Pork, Shellfish, Spicy food, Poultry, Cured Meat",https://www.vivino.com/wines/159074382,https://images.vivino.com/labels/QIPJW8hLRZC2KLQqToCMbA.jpg,3
Domaine Zind Humbrecht,Riesling Alsace Grand Cru  Brand,2016,Alsace Grand Cru,France,Alsace Riesling,4.3,2018-09-15 13:01,"",Not given,Unknown,"","",White Wine,"","Pork, Rich fish (salmon, tuna etc), Spicy food, Vegetarian, Cured Meat",https://www.vivino.com/wines/153380588,https://images.vivino.com/labels/9ZmIxJxYSjuxNcW9HEv2hA.jpg,2
Benjamin Leroux,Bourgogne Blanc,2015,Bourgogne,France,Burgundy White,4.0,2018-08-18 20:08,"",3.5,Unknown,"Ananas og røde epler på nesa. Hint av vanilje. Bra med syre og litt sødme. Tydelig smørpreg, men balanseres fint av syren. 

Hyggelig følge til vegetarpasta med bønner, sukkererter og eggeplomme- og parmesandaus.

Drikker bra nå, men tåler definivt lagring.

Oppdatering: drakk en ny flaske 19.01. Fremstår som ganske ukonsentrert. Ser ikke at det blir noe bedre av lagring - så da har jeg hvertfall lært litt! 

86p","",White Wine,"","Pasta, Rich fish (salmon, tuna etc), Shellfish, Mild and soft cheese, Cured Meat",https://www.vivino.com/wines/37941144,https://images.vivino.com/labels/kTqx-JvqSGOq6faA9e10TQ.jpg,1
Château Musar,Rouge (Gaston Hochar),2010,Bekaa Valley,Lebanon,,4.2,2018-08-01 16:04,"",Not given,Unknown,"","",Red Wine,"","Beef, Lamb, Spicy food, Mature and hard cheese, Poultry",https://www.vivino.com/wines/1398575,https://images.vivino.com/labels/armdd1_6R3iqs3aYRhAlnA.jpg,4
Cantine Pellegrino,Garibaldi Marsala Superiore Dolce,,Marsala,Italy,,3.6,2018-07-28 14:02,"",Not given,Unknown,"","",Fortified Wine,"","",https://www.vivino.com/wines/1477337,https://images.vivino.com/labels/ise9GhOtRymf3RXqzKLTXg.jpg,1
Domaine Zind Humbrecht,Riesling Alsace Grand Cru  Brand,2014,Alsace Grand Cru,France,Alsace Riesling,4.2,2018-07-26 20:08,"",4.0,Unknown,"Tørr og mye syre! Lukt av sitron og grønne epler. Sitron(skall), gauksyre, skall av grønne epler i kroppen. Masse syre.

Ganske lang, men mangler en del på 2015. Tipper den kommer til å lagre veldig fint.

88p","",White Wine,"","Pork, Rich fish (salmon, tuna etc), Spicy food, Vegetarian, Cured Meat",https://www.vivino.com/wines/70087748,https://images.vivino.com/labels/Z6ukTDFhRQur4ILq9C5I6w.jpg,4
Sarnin Berrux,Meursault Blagny 1er Cru,2012,Meursault 1er Cru 'Blagny',France,Burgundy White,4.1,2018-07-21 18:06,"",Not given,Unknown,"","",White Wine,"","Pasta, Rich fish (salmon, tuna etc), Shellfish, Mild and soft cheese, Cured Meat",https://www.vivino.com/wines/4623022,https://images.vivino.com/labels/rgx0aI1cRr2dbyTOutX-2g.jpg,1
Quinta do Portal,Reserva Branco,2015,Douro,Portugal,,0.0,2018-07-17 22:10,"",Not given,Unknown,"","",White Wine,"","",https://www.vivino.com/wines/157807960,https://images.vivino.com/labels/7ZiihaexQP2rvhn4pcAmOw.jpg,1
Nyetimber,Classic Cuvee Brut,N.V.,Sussex,United Kingdom,English Sparkling,4.1,2018-07-13 12:12,"",Not given,Unknown,"","",Sparkling,"","Shellfish, Appetizers and snacks, Lean fish, Aperitif",https://www.vivino.com/wines/2141018,https://images.vivino.com/labels/9k9wFcyQT8i8x92Hh0pEdg.jpg,2
Fèlsina,Berardenga Chianti Classico Riserva,2015,Chianti Classico,Italy,Italian Chianti,3.9,2018-07-13 12:12,"",Not given,Unknown,"","",Red Wine,"","Beef, Veal, Poultry",https://www.vivino.com/wines/97302007,https://images.vivino.com/labels/LM7SREwWSR2P4wanh6xCVQ.jpg,2
Churchill's,Vintage Port,2011,Vintage Port,Portugal,Portuguese Port,4.5,2018-07-13 12:12,"",Not given,Unknown,"","",Fortified Wine,"","Beef, Sweet desserts, Blue cheese",https://www.vivino.com/wines/1226203,https://images.vivino.com/labels/FHl73PqbQkGmBgQuaFPmXg.jpg,2
Domaine Zind Humbrecht,Riesling Alsace Grand Cru  Brand,2015,Alsace Grand Cru,France,Alsace Riesling,4.4,2018-07-13 10:10,"",Not given,Unknown,"","",White Wine,"","Pork, Rich fish (salmon, tuna etc), Spicy food, Vegetarian, Cured Meat",https://www.vivino.com/wines/152161427,https://images.vivino.com/labels/XBkV9MrqRbeC2W6S50sjMw.jpg,13
Quinta do Portal,Portal Moscatel do Douro,1996,Douro,Portugal,Portuguese Moscatel,4.3,2018-07-13 10:10,"",Not given,Unknown,"","",Dessert Wine,"","Sweet desserts, Blue cheese",https://www.vivino.com/wines/4242535,https://images.vivino.com/labels/Rwa_JFGzQLW3-O_UtH2HQQ.jpg,1
Sandeman,Quinta do Vau Vintage Porto,2001,Vintage Port,Portugal,Portuguese Port,4.2,2018-07-13 10:10,"",Not given,Unknown,"","",Fortified Wine,"","Beef, Sweet desserts, Blue cheese",https://www.vivino.com/wines/1460064,https://images.vivino.com/labels/loEHzixSS4iJn9-ot3mFbQ.jpg,1
Quinta Nova,Douro Grande Reserva Referéncia,2015,Douro,Portugal,Portuguese Douro Red,4.3,2018-07-13 10:10,"",Not given,Unknown,"","",Red Wine,"","Beef, Pasta, Lamb, Game (deer, venison)",https://www.vivino.com/wines/55995362,https://images.vivino.com/labels/NsaFf4vnSrSTElzyJ6cA-A.jpg,1
Quinta do Crasto,Reserva Old Vines,2015,Douro,Portugal,Portuguese Douro Red,4.3,2018-07-13 10:10,"",Not given,Unknown,"","",Red Wine,"","Beef, Pasta, Lamb, Game (deer, venison)",https://www.vivino.com/wines/14207586,https://images.vivino.com/labels/b3TwTLOKSRaG9fDhLZd2DQ.jpg,2
Quinta de La Rosa,Tim Grande Reserva White,2015,Douro,Portugal,Northern Portugal White,4.2,2018-07-13 10:10,"",Not given,Unknown,"","",White Wine,"","Shellfish, Appetizers and snacks, Lean fish, Cured Meat",https://www.vivino.com/wines/156962602,https://images.vivino.com/labels/EPe1re2tTSywtIPC9i6NdQ.jpg,2
Pacheca,Vintage Port,2000,Vintage Port,Portugal,Portuguese Port,4.5,2018-07-13 09:09,"",Not given,Unknown,"","",Fortified Wine,"","Beef, Sweet desserts, Blue cheese",https://www.vivino.com/wines/2560041,https://images.vivino.com/labels/KIbtdkAMS6icX0sHVSkH1A.jpg,1
Reynolds Wine Growers,Gloria Reynolds Art & Tradition Branco,2016,Alentejano,Portugal,Southern Portugal White,4.1,2018-07-09 01:01,"",4.5,Unknown,"Drukket på Yeatman, Porto.

Smør, salt, eik. Bra potensiale og god eik. Kjøpte med to flasker.

91p","",White Wine,"","Pasta, Pork, Shellfish, Lean fish",https://www.vivino.com/wines/153317235,"",2
Domaine Borgeot,Santenay 1er Cru 'Les Beauregards',,Santenay Premier Cru,France,Burgundy Côte de Beaune Red,3.7,2018-06-21 16:04,"",Not given,Unknown,"","",Red Wine,"","Beef, Veal, Game (deer, venison), Poultry",https://www.vivino.com/wines/2148926,https://images.vivino.com/labels/BnEuFz35Rr6eP35t_q-Azg.jpg,3
Il Falchetto,Brachetto d'Acqui,2016,Brachetto d'Acqui,Italy,,3.9,2018-04-29 09:09,"",Not given,Unknown,"","",Dessert Wine,"","",https://www.vivino.com/wines/142731545,https://images.vivino.com/labels/KXN5GW_NRv6ODWzQkexcZQ.jpg,1
Conterno Fantino,Nebbiolo Langhe Ginestrino,2015,Langhe,Italy,Italian Nebbiolo,3.6,2018-04-29 09:09,"",Not given,Unknown,"","",Red Wine,"","Beef, Lamb, Game (deer, venison), Poultry",https://www.vivino.com/wines/14186020,https://images.vivino.com/labels/eTFBcNUGRKyGH1qQod631g.jpg,1
Torres,Gran Coronas Reserva Cabernet Sauvignon,2011,Penedès,Spain,Spanish Cabernet Sauvignon,3.7,2018-04-29 09:09,"",Not given,Unknown,"","",Red Wine,"","Beef, Lamb, Poultry",https://www.vivino.com/wines/16487943,https://images.vivino.com/labels/WZLtiCMSTmib30nAjyf0BQ.jpg,1
Chanson,Santenay,2011,Santenay,France,Burgundy Côte de Beaune Red,3.5,2018-04-29 09:09,"",Not given,Unknown,"","",Red Wine,"","Beef, Veal, Game (deer, venison), Poultry",https://www.vivino.com/wines/2918245,https://images.vivino.com/labels/z4nWf6jdSyq-5Howv5LDlQ.jpg,1
Herve Souhaut,Sainte Epine,2016,Saint-Joseph,France,Northern Rhône Saint-Joseph,3.8,2018-04-29 09:09,"",Not given,Unknown,"","",Red Wine,"","Beef, Lamb, Game (deer, venison), Poultry",https://www.vivino.com/wines/144885851,https://images.vivino.com/labels/NAy9jJ3NQeqMRFZHFns5WQ.jpg,1
E. Guigal,Crozes-Hermitage Rouge,2011,Crozes-Hermitage,France,Northern Rhône Crozes-Hermitage,3.6,2018-04-29 08:08,"",Not given,Unknown,"","",Red Wine,"","Beef, Lamb, Game (deer, venison), Poultry",https://www.vivino.com/wines/1763698,https://images.vivino.com/labels/3uElAljUSl2Hv9j0OI8TxQ.jpg,1
Rivella Silvia,Langhe Nebbiolo,2014,Langhe,Italy,Italian Nebbiolo,3.8,2018-04-29 08:08,"",Not given,Unknown,"","",Red Wine,"","Beef, Lamb, Game (deer, venison), Poultry",https://www.vivino.com/wines/146700405,https://images.vivino.com/labels/PWSNJEX5Tdar2LvY5IU1sg.jpg,1
Lacerta,Cabernet Sauvignon,2014,Dealu Mare,Romania,,3.8,2018-04-29 08:08,"",Not given,Unknown,"","",Red Wine,"","Beef, Lamb, Spicy food, Poultry",https://www.vivino.com/wines/22932137,https://images.vivino.com/labels/yuScAOldSsm_cevxW1lsDw.jpg,1
Masi,Campofiorin Rosso Veronese,2013,Rosso Veronese,Italy,Northern Italy Red,3.7,2018-04-29 08:08,"",Not given,Unknown,"","",Red Wine,"","Beef, Pasta, Lamb, Game (deer, venison)",https://www.vivino.com/wines/2071419,https://images.vivino.com/labels/76H3Erk_RgWOKwj_q9f_wQ.jpg,1
Wongraven,Alleanza Langhe Rosso,2011,Langhe,Italy,Northern Italy Red,3.6,2018-04-29 08:08,"",Not given,Unknown,"","",Red Wine,"","Beef, Pasta, Lamb, Game (deer, venison)",https://www.vivino.com/wines/1838658,https://images.vivino.com/labels/bKQJG08ZQhCDXpxSeFSnDQ.jpg,1
Château Musar,Rouge (Gaston Hochar),2004,Bekaa Valley,Lebanon,,4.2,2018-04-29 08:08,"",Not given,Unknown,"","",Red Wine,"","Beef, Lamb, Spicy food, Mature and hard cheese, Poultry",https://www.vivino.com/wines/1276543,https://images.vivino.com/labels/lVyeeKydQOK2sQZhkTRAgQ.jpg,1
Gérard Bertrand,Domaine De Cigalus Red,2015,Vin de Pays,France,Languedoc-Roussillon Red,4.2,2018-04-29 08:08,"",Not given,Unknown,"","",Red Wine,"","Beef, Pasta, Veal",https://www.vivino.com/wines/36601952,https://images.vivino.com/labels/9-B_0_v4TpWN8Fh6hvUBdg.jpg,1
Château de Ricaud,Grand Vin du Château de Ricaud,2011,Bordeaux,France,Bordeaux Red,3.6,2018-04-29 08:08,"",Not given,Unknown,"","",Red Wine,"","Beef, Veal, Game (deer, venison), Poultry",https://www.vivino.com/wines/12738639,https://images.vivino.com/labels/r6-RnGvgSOOy4euMrlh3pQ.jpg,1
Château La Nerthe,Châteauneuf-du-Pape,2013,Châteauneuf-du-Pape,France,Southern Rhône Châteauneuf-du-Pape Red,4.2,2018-04-29 08:08,"",Not given,Unknown,"","",Red Wine,"","Lamb, Pork, Poultry",https://www.vivino.com/wines/3750815,https://images.vivino.com/labels/spSReUPDQem8fTfTY3uHJg.jpg,1
Château Dudon,Bordeaux,2008,Bordeaux,France,Bordeaux Red,3.7,2018-04-29 08:08,"",Not given,Unknown,"","",Red Wine,"","Beef, Veal, Game (deer, venison), Poultry",https://www.vivino.com/wines/8930612,https://images.vivino.com/labels/LdhYgpzDRByp8bXJl2_EjA.jpg,1
Alira,Rosè,2016,Murfatlar,Romania,,3.5,2018-04-29 08:08,"",Not given,Unknown,"","",Rosé Wine,"","Beef, Lamb, Game (deer, venison), Spicy food, Poultry",https://www.vivino.com/wines/146635168,https://images.vivino.com/labels/HlnZSv9CQXmOL6o6WYecFQ.jpg,2
Clos des Brusquieres,Châteauneuf-du-Pape,2012,Châteauneuf-du-Pape,France,Southern Rhône Châteauneuf-du-Pape Red,4.2,2018-04-29 08:08,"",Not given,Unknown,"","",Red Wine,"","Lamb, Pork, Poultry",https://www.vivino.com/wines/2182972,https://images.vivino.com/labels/YtGt5i51Ro6eGLM-WTO6vA.jpg,1
Château Musar,Aana,2013,Bekaa Valley,Lebanon,,3.9,2018-04-29 08:08,"",4.0,Unknown,"Red cherry, plum, leather, earthy.

Has aged well, and still shows good potential. Is starting to show how much of a good purchase this is.

Should keep at least five more years. 

88p, highly enjoyable","",Red Wine,"","Beef, Lamb, Spicy food, Mature and hard cheese, Poultry",https://www.vivino.com/wines/146690593,https://images.vivino.com/labels/f34uLBA3RbmICVJsixgOdQ.jpg,2
Produttori del Barbaresco,Barbaresco,2014,Barbaresco,Italy,Italian Barbaresco,3.9,2018-04-29 08:08,"",Not given,Unknown,"","",Red Wine,"","Beef, Pasta, Lamb, Game (deer, venison)",https://www.vivino.com/wines/5620826,https://images.vivino.com/labels/97kG7i0PRXyedlhXk16xcw.jpg,2
Penfolds,St. Henri Shiraz,2008,South Australia,Australia,Australian Shiraz,4.4,2018-04-29 08:08,"",Not given,Unknown,"","",Red Wine,"","Beef, Lamb, Game (deer, venison), Poultry",https://www.vivino.com/wines/1175945,https://images.vivino.com/labels/0HMhqX8XRw-AwY0wY57gUQ.jpg,1
